Iteration,Solver,Objective,Violations
0,Hill Climbing,29,4793
1,Hill Climbing,28,4717
2,Hill Climbing,27,4648
3,Hill Climbing,26,4569
4,Hill Climbing,26,4499
5,Hill Climbing,25,4425
6,Hill Climbing,25,4357
7,Hill Climbing,25,4285
8,Hill Climbing,25,4210
9,Hill Climbing,26,4135
10,Hill Climbing,27,4057
11,Hill Climbing,27,3987
12,Hill Climbing,27,3911
13,Hill Climbing,27,3839
14,Hill Climbing,27,3764
15,Hill Climbing,27,3693
16,Hill Climbing,27,3620
17,Hill Climbing,27,3546
18,Hill Climbing,27,3472
19,Hill Climbing,26,3408
20,Hill Climbing,25,3354
21,Hill Climbing,25,3304
22,Hill Climbing,24,3231
23,Hill Climbing,24,3171
24,Hill Climbing,23,3100
25,Hill Climbing,24,3036
26,Hill Climbing,25,2963
27,Hill Climbing,26,2914
28,Hill Climbing,26,2847
29,Hill Climbing,26,2776
30,Hill Climbing,26,2704
31,Hill Climbing,26,2643
32,Hill Climbing,26,2578
33,Hill Climbing,25,2527
34,Hill Climbing,25,2483
35,Hill Climbing,25,2414
36,Hill Climbing,25,2383
37,Hill Climbing,25,2331
38,Hill Climbing,25,2266
39,Hill Climbing,24,2225
40,Hill Climbing,24,2187
41,Hill Climbing,24,2167
42,Hill Climbing,23,2129
43,Hill Climbing,24,2096
44,Hill Climbing,24,2057
45,Hill Climbing,24,2025
46,Hill Climbing,24,1989
47,Hill Climbing,24,1948
48,Hill Climbing,24,1927
49,Hill Climbing,24,1874
50,Hill Climbing,24,1852
51,Hill Climbing,24,1812
52,Hill Climbing,24,1795
53,Hill Climbing,24,1764
54,Hill Climbing,24,1725
55,Hill Climbing,24,1696
56,Hill Climbing,24,1672
57,Hill Climbing,24,1627
58,Hill Climbing,24,1600
59,Hill Climbing,24,1581
60,Hill Climbing,24,1548
61,Hill Climbing,24,1519
62,Hill Climbing,23,1492
63,Hill Climbing,24,1475
64,Hill Climbing,24,1450
65,Hill Climbing,24,1414
66,Hill Climbing,24,1400
67,Hill Climbing,23,1362
68,Hill Climbing,24,1336
69,Hill Climbing,24,1313
70,Hill Climbing,24,1284
71,Hill Climbing,24,1262
72,Hill Climbing,24,1249
73,Hill Climbing,24,1239
74,Hill Climbing,24,1226
75,Hill Climbing,24,1204
76,Hill Climbing,24,1194
77,Hill Climbing,24,1184
78,Hill Climbing,24,1169
79,Hill Climbing,24,1156
80,Hill Climbing,24,1138
81,Hill Climbing,24,1118
82,Hill Climbing,24,1097
83,Hill Climbing,24,1077
84,Hill Climbing,24,1067
85,Hill Climbing,24,1044
86,Hill Climbing,24,1032
87,Hill Climbing,24,1022
88,Hill Climbing,24,1011
89,Hill Climbing,24,989
90,Hill Climbing,24,967
91,Hill Climbing,24,948
92,Hill Climbing,24,947
93,Hill Climbing,24,938
94,Hill Climbing,24,923
95,Hill Climbing,24,913
96,Hill Climbing,24,905
97,Hill Climbing,23,891
98,Hill Climbing,24,885
99,Hill Climbing,24,868
100,Hill Climbing,24,866
101,Hill Climbing,24,851
102,Hill Climbing,24,841
103,Hill Climbing,25,827
104,Hill Climbing,25,815
105,Hill Climbing,26,805
106,Hill Climbing,27,790
107,Hill Climbing,27,779
108,Hill Climbing,26,763
109,Hill Climbing,26,759
110,Hill Climbing,26,746
111,Hill Climbing,27,735
112,Hill Climbing,27,714
113,Hill Climbing,27,706
114,Hill Climbing,27,693
115,Hill Climbing,27,688
116,Hill Climbing,27,674
117,Hill Climbing,27,667
118,Hill Climbing,27,659
119,Hill Climbing,28,646
120,Hill Climbing,29,637
121,Hill Climbing,29,626
122,Hill Climbing,29,618
123,Hill Climbing,29,609
124,Hill Climbing,29,598
125,Hill Climbing,29,590
126,Hill Climbing,28,573
127,Hill Climbing,28,568
128,Hill Climbing,28,565
129,Hill Climbing,28,562
130,Hill Climbing,28,550
131,Hill Climbing,28,540
132,Hill Climbing,28,529
133,Hill Climbing,28,525
134,Hill Climbing,28,522
135,Hill Climbing,28,514
136,Hill Climbing,28,511
137,Hill Climbing,28,501
138,Hill Climbing,28,500
139,Hill Climbing,28,494
140,Hill Climbing,28,486
141,Hill Climbing,28,475
142,Hill Climbing,28,469
143,Hill Climbing,28,460
144,Hill Climbing,28,452
145,Hill Climbing,28,449
146,Hill Climbing,28,443
147,Hill Climbing,28,441
148,Hill Climbing,28,437
149,Hill Climbing,28,435
150,Hill Climbing,28,434
151,Hill Climbing,29,424
152,Hill Climbing,29,421
153,Hill Climbing,29,411
154,Hill Climbing,29,405
155,Hill Climbing,29,396
156,Hill Climbing,29,395
157,Hill Climbing,29,390
158,Hill Climbing,29,389
159,Hill Climbing,29,387
160,Hill Climbing,29,383
161,Hill Climbing,29,381
162,Hill Climbing,29,375
163,Hill Climbing,29,373
164,Hill Climbing,29,365
165,Hill Climbing,29,365
166,Hill Climbing,29,364
167,Hill Climbing,29,361
168,Hill Climbing,29,355
169,Hill Climbing,29,349
170,Hill Climbing,30,341
171,Hill Climbing,30,336
172,Hill Climbing,30,335
173,Hill Climbing,30,335
174,Hill Climbing,30,334
175,Hill Climbing,30,330
176,Hill Climbing,30,329
177,Hill Climbing,30,328
178,Hill Climbing,30,328
179,Hill Climbing,30,324
180,Hill Climbing,30,323
181,Hill Climbing,30,319
182,Hill Climbing,30,315
183,Hill Climbing,30,313
184,Hill Climbing,30,312
185,Hill Climbing,30,312
186,Hill Climbing,30,309
187,Hill Climbing,30,308
188,Hill Climbing,30,307
189,Hill Climbing,30,307
190,Hill Climbing,30,306
191,Hill Climbing,30,305
192,Hill Climbing,30,303
193,Hill Climbing,30,302
194,Hill Climbing,30,300
195,Hill Climbing,30,294
196,Hill Climbing,30,290
197,Hill Climbing,30,290
198,Hill Climbing,30,290
199,Hill Climbing,30,289
200,Hill Climbing,30,288
201,Hill Climbing,30,287
202,Hill Climbing,30,287
203,Hill Climbing,30,286
204,Hill Climbing,30,285
205,Hill Climbing,30,284
206,Hill Climbing,30,284
207,Hill Climbing,30,283
208,Hill Climbing,30,281
209,Hill Climbing,30,280
210,Hill Climbing,30,280
211,Hill Climbing,30,279
212,Hill Climbing,30,274
213,Hill Climbing,29,274
214,Hill Climbing,29,272
215,Hill Climbing,29,272
216,Hill Climbing,29,271
217,Hill Climbing,29,271
218,Hill Climbing,29,271
219,Hill Climbing,29,262
220,Hill Climbing,29,261
221,Hill Climbing,29,261
222,Hill Climbing,29,261
223,Hill Climbing,29,260
224,Hill Climbing,29,260
225,Hill Climbing,29,259
226,Hill Climbing,29,259
227,Hill Climbing,29,258
228,Hill Climbing,29,256
229,Hill Climbing,29,256
230,Hill Climbing,29,256
231,Hill Climbing,29,256
232,Hill Climbing,29,256
233,Hill Climbing,29,256
234,Hill Climbing,29,256
235,Hill Climbing,29,255
236,Hill Climbing,29,254
237,Hill Climbing,29,254
238,Hill Climbing,29,254
239,Hill Climbing,29,254
240,Hill Climbing,29,254
241,Hill Climbing,29,254
242,Hill Climbing,29,254
243,Hill Climbing,29,254
244,Hill Climbing,29,254
245,Hill Climbing,29,254
246,Hill Climbing,29,252
247,Hill Climbing,29,252
248,Hill Climbing,29,252
249,Hill Climbing,29,249
250,Hill Climbing,29,247
251,Hill Climbing,29,247
252,Hill Climbing,29,247
253,Hill Climbing,29,247
254,Hill Climbing,29,247
255,Hill Climbing,29,247
256,Hill Climbing,29,247
257,Hill Climbing,29,247
258,Hill Climbing,29,247
259,Hill Climbing,29,247
260,Hill Climbing,29,247
261,Hill Climbing,29,247
262,Hill Climbing,29,247
263,Hill Climbing,29,247
264,Hill Climbing,29,247
265,Hill Climbing,29,247
266,Hill Climbing,29,247
267,Hill Climbing,29,247
268,Hill Climbing,29,247
269,Hill Climbing,29,247
270,Hill Climbing,29,247
271,Hill Climbing,28,247
272,Hill Climbing,28,247
273,Hill Climbing,28,247
274,Hill Climbing,28,247
275,Hill Climbing,28,247
276,Hill Climbing,28,247
277,Hill Climbing,28,247
278,Hill Climbing,28,247
279,Hill Climbing,28,247
280,Hill Climbing,28,247
281,Hill Climbing,28,247
282,Hill Climbing,28,247
283,Hill Climbing,28,247
284,Hill Climbing,28,247
285,Hill Climbing,28,247
286,Hill Climbing,28,247
287,Hill Climbing,28,247
288,Hill Climbing,28,247
289,Hill Climbing,28,247
290,Hill Climbing,28,247
291,Hill Climbing,28,247
292,Hill Climbing,28,247
293,Hill Climbing,28,247
294,Hill Climbing,28,247
295,Hill Climbing,28,247
296,Hill Climbing,28,247
297,Hill Climbing,28,247
298,Hill Climbing,28,247
299,Hill Climbing,28,247
300,Hill Climbing,28,247
301,Hill Climbing,28,247
302,Hill Climbing,28,247
303,Hill Climbing,28,247
304,Hill Climbing,28,247
305,Hill Climbing,28,247
306,Hill Climbing,28,247
307,Hill Climbing,28,247
308,Hill Climbing,28,247
309,Hill Climbing,28,247
310,Hill Climbing,28,247
311,Hill Climbing,28,247
312,Hill Climbing,28,247
313,Hill Climbing,28,247
314,Hill Climbing,28,247
315,Hill Climbing,28,247
316,Hill Climbing,28,247
317,Hill Climbing,28,247
318,Hill Climbing,28,247
319,Hill Climbing,28,247
320,Hill Climbing,28,247
321,Hill Climbing,25,4823
322,Hill Climbing,25,4741
323,Hill Climbing,25,4668
324,Hill Climbing,25,4593
325,Hill Climbing,26,4522
326,Hill Climbing,25,4433
327,Hill Climbing,25,4368
328,Hill Climbing,25,4300
329,Hill Climbing,25,4224
330,Hill Climbing,25,4148
331,Hill Climbing,25,4070
332,Hill Climbing,25,4001
333,Hill Climbing,25,3931
334,Hill Climbing,25,3856
335,Hill Climbing,25,3783
336,Hill Climbing,25,3705
337,Hill Climbing,25,3632
338,Hill Climbing,25,3558
339,Hill Climbing,25,3491
340,Hill Climbing,24,3421
341,Hill Climbing,24,3356
342,Hill Climbing,23,3290
343,Hill Climbing,23,3220
344,Hill Climbing,22,3150
345,Hill Climbing,22,3091
346,Hill Climbing,22,3013
347,Hill Climbing,22,2953
348,Hill Climbing,23,2889
349,Hill Climbing,23,2822
350,Hill Climbing,23,2773
351,Hill Climbing,23,2696
352,Hill Climbing,23,2664
353,Hill Climbing,24,2597
354,Hill Climbing,24,2542
355,Hill Climbing,24,2508
356,Hill Climbing,24,2441
357,Hill Climbing,24,2386
358,Hill Climbing,24,2309
359,Hill Climbing,24,2243
360,Hill Climbing,24,2216
361,Hill Climbing,24,2154
362,Hill Climbing,24,2116
363,Hill Climbing,24,2086
364,Hill Climbing,24,2045
365,Hill Climbing,23,2012
366,Hill Climbing,23,1980
367,Hill Climbing,23,1951
368,Hill Climbing,23,1920
369,Hill Climbing,23,1893
370,Hill Climbing,23,1858
371,Hill Climbing,23,1829
372,Hill Climbing,23,1809
373,Hill Climbing,23,1778
374,Hill Climbing,23,1753
375,Hill Climbing,23,1717
376,Hill Climbing,23,1697
377,Hill Climbing,23,1661
378,Hill Climbing,23,1635
379,Hill Climbing,23,1611
380,Hill Climbing,23,1590
381,Hill Climbing,23,1574
382,Hill Climbing,23,1547
383,Hill Climbing,23,1539
384,Hill Climbing,23,1519
385,Hill Climbing,23,1493
386,Hill Climbing,23,1469
387,Hill Climbing,24,1447
388,Hill Climbing,24,1429
389,Hill Climbing,25,1402
390,Hill Climbing,25,1395
391,Hill Climbing,25,1375
392,Hill Climbing,25,1350
393,Hill Climbing,26,1338
394,Hill Climbing,27,1317
395,Hill Climbing,28,1298
396,Hill Climbing,28,1290
397,Hill Climbing,28,1257
398,Hill Climbing,28,1243
399,Hill Climbing,28,1225
400,Hill Climbing,28,1212
401,Hill Climbing,27,1179
402,Hill Climbing,27,1170
403,Hill Climbing,27,1142
404,Hill Climbing,27,1138
405,Hill Climbing,27,1112
406,Hill Climbing,27,1092
407,Hill Climbing,28,1065
408,Hill Climbing,27,1047
409,Hill Climbing,27,1035
410,Hill Climbing,28,1018
411,Hill Climbing,28,997
412,Hill Climbing,28,993
413,Hill Climbing,28,979
414,Hill Climbing,28,967
415,Hill Climbing,28,961
416,Hill Climbing,28,947
417,Hill Climbing,28,926
418,Hill Climbing,28,917
419,Hill Climbing,28,899
420,Hill Climbing,28,877
421,Hill Climbing,28,867
422,Hill Climbing,28,864
423,Hill Climbing,28,858
424,Hill Climbing,28,831
425,Hill Climbing,28,821
426,Hill Climbing,28,804
427,Hill Climbing,27,792
428,Hill Climbing,28,782
429,Hill Climbing,28,765
430,Hill Climbing,28,752
431,Hill Climbing,28,736
432,Hill Climbing,28,721
433,Hill Climbing,28,711
434,Hill Climbing,28,711
435,Hill Climbing,28,699
436,Hill Climbing,28,693
437,Hill Climbing,28,684
438,Hill Climbing,28,664
439,Hill Climbing,28,655
440,Hill Climbing,28,654
441,Hill Climbing,28,642
442,Hill Climbing,27,635
443,Hill Climbing,27,624
444,Hill Climbing,27,609
445,Hill Climbing,27,602
446,Hill Climbing,27,589
447,Hill Climbing,27,583
448,Hill Climbing,27,578
449,Hill Climbing,27,574
450,Hill Climbing,28,562
451,Hill Climbing,28,553
452,Hill Climbing,28,530
453,Hill Climbing,28,525
454,Hill Climbing,28,519
455,Hill Climbing,28,509
456,Hill Climbing,27,503
457,Hill Climbing,27,500
458,Hill Climbing,27,493
459,Hill Climbing,27,493
460,Hill Climbing,27,478
461,Hill Climbing,27,472
462,Hill Climbing,27,464
463,Hill Climbing,27,458
464,Hill Climbing,27,454
465,Hill Climbing,27,447
466,Hill Climbing,27,438
467,Hill Climbing,27,430
468,Hill Climbing,27,429
469,Hill Climbing,27,429
470,Hill Climbing,27,427
471,Hill Climbing,27,421
472,Hill Climbing,27,418
473,Hill Climbing,27,412
474,Hill Climbing,27,409
475,Hill Climbing,27,408
476,Hill Climbing,27,408
477,Hill Climbing,27,405
478,Hill Climbing,27,397
479,Hill Climbing,27,396
480,Hill Climbing,27,391
481,Hill Climbing,27,389
482,Hill Climbing,27,384
483,Hill Climbing,27,382
484,Hill Climbing,27,377
485,Hill Climbing,27,370
486,Hill Climbing,27,370
487,Hill Climbing,27,368
488,Hill Climbing,27,365
489,Hill Climbing,27,363
490,Hill Climbing,27,361
491,Hill Climbing,27,359
492,Hill Climbing,27,357
493,Hill Climbing,27,357
494,Hill Climbing,27,357
495,Hill Climbing,27,355
496,Hill Climbing,27,355
497,Hill Climbing,27,351
498,Hill Climbing,27,351
499,Hill Climbing,27,351
500,Hill Climbing,27,350
501,Hill Climbing,27,350
502,Hill Climbing,27,350
503,Hill Climbing,27,350
504,Hill Climbing,27,350
505,Hill Climbing,27,350
506,Hill Climbing,27,343
507,Hill Climbing,27,343
508,Hill Climbing,27,342
509,Hill Climbing,27,340
510,Hill Climbing,28,336
511,Hill Climbing,28,336
512,Hill Climbing,28,336
513,Hill Climbing,28,322
514,Hill Climbing,28,321
515,Hill Climbing,28,321
516,Hill Climbing,28,321
517,Hill Climbing,28,321
518,Hill Climbing,28,319
519,Hill Climbing,28,317
520,Hill Climbing,28,316
521,Hill Climbing,28,316
522,Hill Climbing,28,314
523,Hill Climbing,28,314
524,Hill Climbing,28,314
525,Hill Climbing,28,314
526,Hill Climbing,28,314
527,Hill Climbing,28,309
528,Hill Climbing,28,309
529,Hill Climbing,28,308
530,Hill Climbing,28,308
531,Hill Climbing,28,308
532,Hill Climbing,28,306
533,Hill Climbing,28,306
534,Hill Climbing,28,306
535,Hill Climbing,29,305
536,Hill Climbing,29,305
537,Hill Climbing,29,305
538,Hill Climbing,29,301
539,Hill Climbing,29,301
540,Hill Climbing,29,301
541,Hill Climbing,29,300
542,Hill Climbing,29,300
543,Hill Climbing,29,299
544,Hill Climbing,29,298
545,Hill Climbing,29,298
546,Hill Climbing,29,298
547,Hill Climbing,29,298
548,Hill Climbing,29,298
549,Hill Climbing,29,298
550,Hill Climbing,29,298
551,Hill Climbing,29,298
552,Hill Climbing,29,298
553,Hill Climbing,29,298
554,Hill Climbing,29,298
555,Hill Climbing,29,298
556,Hill Climbing,29,298
557,Hill Climbing,29,298
558,Hill Climbing,29,298
559,Hill Climbing,29,298
560,Hill Climbing,29,298
561,Hill Climbing,29,298
562,Hill Climbing,29,298
563,Hill Climbing,29,298
564,Hill Climbing,29,298
565,Hill Climbing,29,298
566,Hill Climbing,29,298
567,Hill Climbing,29,298
568,Hill Climbing,29,298
569,Hill Climbing,29,298
570,Hill Climbing,29,298
571,Hill Climbing,29,298
572,Hill Climbing,29,298
573,Hill Climbing,29,298
574,Hill Climbing,29,298
575,Hill Climbing,29,298
576,Hill Climbing,29,298
577,Hill Climbing,29,298
578,Hill Climbing,29,298
579,Hill Climbing,29,298
580,Hill Climbing,29,298
581,Hill Climbing,29,298
582,Hill Climbing,29,298
583,Hill Climbing,29,298
584,Hill Climbing,29,297
585,Hill Climbing,29,297
586,Hill Climbing,29,297
587,Hill Climbing,29,297
588,Hill Climbing,29,297
589,Hill Climbing,29,297
590,Hill Climbing,29,297
591,Hill Climbing,29,297
592,Hill Climbing,29,297
593,Hill Climbing,29,297
594,Hill Climbing,29,297
595,Hill Climbing,29,297
596,Hill Climbing,29,297
597,Hill Climbing,29,297
598,Hill Climbing,29,297
599,Hill Climbing,29,297
600,Hill Climbing,29,297
601,Hill Climbing,29,297
602,Hill Climbing,29,296
603,Hill Climbing,29,296
604,Hill Climbing,29,296
605,Hill Climbing,29,296
606,Hill Climbing,29,296
607,Hill Climbing,29,296
608,Hill Climbing,29,296
609,Hill Climbing,29,296
610,Hill Climbing,29,296
611,Hill Climbing,29,296
612,Hill Climbing,29,296
613,Hill Climbing,29,296
614,Hill Climbing,29,296
615,Hill Climbing,29,296
616,Hill Climbing,29,296
617,Hill Climbing,29,296
618,Hill Climbing,29,296
619,Hill Climbing,29,296
620,Hill Climbing,29,296
621,Hill Climbing,29,296
622,Hill Climbing,29,296
623,Hill Climbing,29,296
624,Hill Climbing,29,296
625,Hill Climbing,29,296
626,Hill Climbing,29,296
627,Hill Climbing,29,296
628,Hill Climbing,29,296
629,Hill Climbing,29,296
630,Hill Climbing,29,296
631,Hill Climbing,29,296
632,Hill Climbing,29,296
633,Hill Climbing,29,296
634,Hill Climbing,29,296
635,Hill Climbing,29,296
636,Hill Climbing,29,296
637,Hill Climbing,29,296
638,Hill Climbing,29,296
639,Hill Climbing,29,296
640,Hill Climbing,29,296
641,Hill Climbing,29,296
642,Hill Climbing,29,296
643,Hill Climbing,29,296
644,Hill Climbing,29,296
645,Hill Climbing,29,296
646,Hill Climbing,29,296
647,Hill Climbing,29,296
648,Hill Climbing,29,296
649,Hill Climbing,29,296
650,Hill Climbing,29,296
651,Hill Climbing,29,296
652,Hill Climbing,26,4900
653,Hill Climbing,25,4830
654,Hill Climbing,24,4754
655,Hill Climbing,23,4673
656,Hill Climbing,23,4592
657,Hill Climbing,23,4515
658,Hill Climbing,22,4440
659,Hill Climbing,22,4370
660,Hill Climbing,22,4296
661,Hill Climbing,22,4221
662,Hill Climbing,22,4150
663,Hill Climbing,22,4077
664,Hill Climbing,23,4009
665,Hill Climbing,23,3932
666,Hill Climbing,23,3874
667,Hill Climbing,24,3822
668,Hill Climbing,24,3743
669,Hill Climbing,24,3670
670,Hill Climbing,23,3594
671,Hill Climbing,24,3524
672,Hill Climbing,23,3451
673,Hill Climbing,24,3377
674,Hill Climbing,24,3326
675,Hill Climbing,24,3256
676,Hill Climbing,24,3211
677,Hill Climbing,24,3163
678,Hill Climbing,24,3097
679,Hill Climbing,24,3020
680,Hill Climbing,24,2963
681,Hill Climbing,23,2899
682,Hill Climbing,22,2842
683,Hill Climbing,22,2792
684,Hill Climbing,23,2727
685,Hill Climbing,22,2677
686,Hill Climbing,22,2604
687,Hill Climbing,22,2559
688,Hill Climbing,22,2501
689,Hill Climbing,22,2446
690,Hill Climbing,23,2394
691,Hill Climbing,22,2345
692,Hill Climbing,22,2285
693,Hill Climbing,23,2231
694,Hill Climbing,23,2190
695,Hill Climbing,22,2142
696,Hill Climbing,22,2111
697,Hill Climbing,22,2062
698,Hill Climbing,22,2041
699,Hill Climbing,23,1990
700,Hill Climbing,23,1936
701,Hill Climbing,23,1903
702,Hill Climbing,24,1879
703,Hill Climbing,24,1840
704,Hill Climbing,24,1833
705,Hill Climbing,23,1805
706,Hill Climbing,23,1759
707,Hill Climbing,23,1733
708,Hill Climbing,22,1706
709,Hill Climbing,22,1679
710,Hill Climbing,22,1653
711,Hill Climbing,22,1617
712,Hill Climbing,22,1599
713,Hill Climbing,23,1576
714,Hill Climbing,23,1558
715,Hill Climbing,23,1531
716,Hill Climbing,23,1497
717,Hill Climbing,23,1461
718,Hill Climbing,23,1442
719,Hill Climbing,23,1426
720,Hill Climbing,23,1409
721,Hill Climbing,23,1386
722,Hill Climbing,23,1367
723,Hill Climbing,23,1353
724,Hill Climbing,23,1348
725,Hill Climbing,23,1322
726,Hill Climbing,24,1303
727,Hill Climbing,24,1269
728,Hill Climbing,24,1239
729,Hill Climbing,24,1225
730,Hill Climbing,24,1215
731,Hill Climbing,24,1201
732,Hill Climbing,24,1182
733,Hill Climbing,24,1181
734,Hill Climbing,24,1159
735,Hill Climbing,24,1135
736,Hill Climbing,24,1108
737,Hill Climbing,23,1103
738,Hill Climbing,23,1089
739,Hill Climbing,23,1065
740,Hill Climbing,24,1051
741,Hill Climbing,24,1028
742,Hill Climbing,24,1013
743,Hill Climbing,24,1008
744,Hill Climbing,24,1004
745,Hill Climbing,24,992
746,Hill Climbing,24,968
747,Hill Climbing,24,951
748,Hill Climbing,25,940
749,Hill Climbing,25,919
750,Hill Climbing,25,901
751,Hill Climbing,24,884
752,Hill Climbing,24,876
753,Hill Climbing,24,862
754,Hill Climbing,24,853
755,Hill Climbing,24,844
756,Hill Climbing,24,839
757,Hill Climbing,24,827
758,Hill Climbing,24,818
759,Hill Climbing,24,793
760,Hill Climbing,24,781
761,Hill Climbing,24,777
762,Hill Climbing,24,756
763,Hill Climbing,24,743
764,Hill Climbing,24,735
765,Hill Climbing,24,725
766,Hill Climbing,25,721
767,Hill Climbing,25,711
768,Hill Climbing,25,703
769,Hill Climbing,26,692
770,Hill Climbing,26,681
771,Hill Climbing,26,672
772,Hill Climbing,26,664
773,Hill Climbing,26,654
774,Hill Climbing,26,646
775,Hill Climbing,26,637
776,Hill Climbing,26,628
777,Hill Climbing,26,620
778,Hill Climbing,26,614
779,Hill Climbing,26,613
780,Hill Climbing,26,608
781,Hill Climbing,26,592
782,Hill Climbing,26,591
783,Hill Climbing,26,584
784,Hill Climbing,26,577
785,Hill Climbing,26,566
786,Hill Climbing,26,557
787,Hill Climbing,27,555
788,Hill Climbing,27,549
789,Hill Climbing,27,543
790,Hill Climbing,27,536
791,Hill Climbing,27,534
792,Hill Climbing,27,534
793,Hill Climbing,27,529
794,Hill Climbing,27,521
795,Hill Climbing,27,518
796,Hill Climbing,27,514
797,Hill Climbing,27,506
798,Hill Climbing,27,505
799,Hill Climbing,27,499
800,Hill Climbing,27,496
801,Hill Climbing,27,489
802,Hill Climbing,27,486
803,Hill Climbing,27,485
804,Hill Climbing,27,474
805,Hill Climbing,27,470
806,Hill Climbing,27,458
807,Hill Climbing,27,452
808,Hill Climbing,27,446
809,Hill Climbing,27,439
810,Hill Climbing,27,437
811,Hill Climbing,27,433
812,Hill Climbing,27,430
813,Hill Climbing,27,428
814,Hill Climbing,27,425
815,Hill Climbing,27,419
0,Tabu Search,29,4793
1,Tabu Search,28,4717
2,Tabu Search,27,4648
3,Tabu Search,26,4569
4,Tabu Search,26,4499
5,Tabu Search,25,4425
6,Tabu Search,25,4357
7,Tabu Search,25,4285
8,Tabu Search,25,4210
9,Tabu Search,26,4135
10,Tabu Search,27,4057
11,Tabu Search,27,3987
12,Tabu Search,27,3911
13,Tabu Search,27,3839
14,Tabu Search,27,3764
15,Tabu Search,27,3693
16,Tabu Search,27,3620
17,Tabu Search,27,3546
18,Tabu Search,27,3472
19,Tabu Search,26,3408
20,Tabu Search,25,3354
21,Tabu Search,25,3304
22,Tabu Search,24,3231
23,Tabu Search,24,3171
24,Tabu Search,23,3100
25,Tabu Search,24,3036
26,Tabu Search,25,2963
27,Tabu Search,26,2914
28,Tabu Search,26,2847
29,Tabu Search,26,2776
30,Tabu Search,26,2704
31,Tabu Search,26,2643
32,Tabu Search,26,2578
33,Tabu Search,25,2527
34,Tabu Search,25,2483
35,Tabu Search,25,2414
36,Tabu Search,25,2383
37,Tabu Search,25,2331
38,Tabu Search,25,2266
39,Tabu Search,24,2225
40,Tabu Search,24,2187
41,Tabu Search,24,2167
42,Tabu Search,23,2129
43,Tabu Search,24,2096
44,Tabu Search,24,2057
45,Tabu Search,24,2025
46,Tabu Search,24,1989
47,Tabu Search,24,1948
48,Tabu Search,24,1927
49,Tabu Search,24,1874
50,Tabu Search,24,1852
51,Tabu Search,24,1812
52,Tabu Search,24,1795
53,Tabu Search,24,1764
54,Tabu Search,24,1725
55,Tabu Search,24,1696
56,Tabu Search,24,1672
57,Tabu Search,24,1627
58,Tabu Search,24,1600
59,Tabu Search,24,1581
60,Tabu Search,24,1548
61,Tabu Search,24,1519
62,Tabu Search,23,1492
63,Tabu Search,24,1475
64,Tabu Search,24,1450
65,Tabu Search,24,1414
66,Tabu Search,24,1400
67,Tabu Search,23,1362
68,Tabu Search,24,1336
69,Tabu Search,24,1313
70,Tabu Search,24,1284
71,Tabu Search,24,1262
72,Tabu Search,24,1249
73,Tabu Search,24,1239
74,Tabu Search,24,1226
75,Tabu Search,24,1204
76,Tabu Search,24,1194
77,Tabu Search,24,1184
78,Tabu Search,24,1169
79,Tabu Search,24,1156
80,Tabu Search,24,1138
81,Tabu Search,24,1118
82,Tabu Search,24,1097
83,Tabu Search,24,1077
84,Tabu Search,24,1067
85,Tabu Search,24,1044
86,Tabu Search,24,1032
87,Tabu Search,24,1022
88,Tabu Search,24,1011
89,Tabu Search,24,989
90,Tabu Search,24,967
91,Tabu Search,24,948
92,Tabu Search,24,947
93,Tabu Search,24,938
94,Tabu Search,24,923
95,Tabu Search,24,913
96,Tabu Search,24,905
97,Tabu Search,23,891
98,Tabu Search,24,885
99,Tabu Search,24,868
100,Tabu Search,24,866
101,Tabu Search,24,851
102,Tabu Search,24,841
103,Tabu Search,25,827
104,Tabu Search,25,815
105,Tabu Search,26,805
106,Tabu Search,27,790
107,Tabu Search,27,779
108,Tabu Search,26,763
109,Tabu Search,26,759
110,Tabu Search,26,746
111,Tabu Search,27,735
112,Tabu Search,27,714
113,Tabu Search,27,706
114,Tabu Search,27,693
115,Tabu Search,27,688
116,Tabu Search,27,674
117,Tabu Search,27,667
118,Tabu Search,27,659
119,Tabu Search,28,646
120,Tabu Search,29,637
121,Tabu Search,29,626
122,Tabu Search,29,618
123,Tabu Search,29,609
124,Tabu Search,29,598
125,Tabu Search,29,590
126,Tabu Search,28,573
127,Tabu Search,28,568
128,Tabu Search,28,565
129,Tabu Search,28,562
130,Tabu Search,28,550
131,Tabu Search,28,540
132,Tabu Search,28,529
133,Tabu Search,28,525
134,Tabu Search,28,522
135,Tabu Search,28,514
136,Tabu Search,28,511
137,Tabu Search,28,501
138,Tabu Search,28,500
139,Tabu Search,28,494
140,Tabu Search,28,486
141,Tabu Search,28,475
142,Tabu Search,28,469
143,Tabu Search,28,460
144,Tabu Search,28,452
145,Tabu Search,28,449
146,Tabu Search,28,443
147,Tabu Search,28,441
148,Tabu Search,28,437
149,Tabu Search,28,435
150,Tabu Search,28,434
151,Tabu Search,29,424
152,Tabu Search,29,421
153,Tabu Search,29,411
154,Tabu Search,29,405
155,Tabu Search,29,396
156,Tabu Search,29,395
157,Tabu Search,29,390
158,Tabu Search,29,389
159,Tabu Search,29,387
160,Tabu Search,29,383
161,Tabu Search,29,381
162,Tabu Search,29,375
163,Tabu Search,29,373
164,Tabu Search,29,365
165,Tabu Search,29,365
166,Tabu Search,29,364
167,Tabu Search,29,361
168,Tabu Search,29,354
169,Tabu Search,29,352
170,Tabu Search,30,347
171,Tabu Search,30,346
172,Tabu Search,30,337
173,Tabu Search,30,337
174,Tabu Search,30,335
175,Tabu Search,30,334
176,Tabu Search,30,333
177,Tabu Search,30,330
178,Tabu Search,30,326
179,Tabu Search,30,324
180,Tabu Search,30,324
181,Tabu Search,30,322
182,Tabu Search,30,321
183,Tabu Search,30,320
184,Tabu Search,30,319
185,Tabu Search,30,318
186,Tabu Search,30,314
187,Tabu Search,30,313
188,Tabu Search,30,313
189,Tabu Search,30,313
190,Tabu Search,30,312
191,Tabu Search,30,309
192,Tabu Search,30,306
193,Tabu Search,30,306
194,Tabu Search,30,305
195,Tabu Search,30,304
196,Tabu Search,30,304
197,Tabu Search,30,298
198,Tabu Search,30,297
199,Tabu Search,30,293
200,Tabu Search,30,293
201,Tabu Search,30,290
202,Tabu Search,30,289
203,Tabu Search,30,282
204,Tabu Search,30,281
205,Tabu Search,30,281
206,Tabu Search,30,281
207,Tabu Search,30,280
208,Tabu Search,30,276
209,Tabu Search,30,276
210,Tabu Search,30,276
211,Tabu Search,30,275
212,Tabu Search,30,275
213,Tabu Search,30,274
214,Tabu Search,30,271
215,Tabu Search,30,270
216,Tabu Search,30,269
217,Tabu Search,30,269
218,Tabu Search,30,269
219,Tabu Search,30,269
220,Tabu Search,30,269
221,Tabu Search,30,269
222,Tabu Search,30,269
223,Tabu Search,30,269
224,Tabu Search,30,267
225,Tabu Search,30,267
226,Tabu Search,30,266
227,Tabu Search,30,266
228,Tabu Search,30,266
229,Tabu Search,30,266
230,Tabu Search,30,266
231,Tabu Search,30,266
232,Tabu Search,30,266
233,Tabu Search,30,264
234,Tabu Search,30,264
235,Tabu Search,30,264
236,Tabu Search,30,264
237,Tabu Search,30,264
238,Tabu Search,30,264
239,Tabu Search,30,263
240,Tabu Search,30,263
241,Tabu Search,30,258
242,Tabu Search,30,258
243,Tabu Search,30,258
244,Tabu Search,30,258
245,Tabu Search,30,258
246,Tabu Search,30,258
247,Tabu Search,30,258
248,Tabu Search,30,257
249,Tabu Search,30,257
250,Tabu Search,30,257
251,Tabu Search,30,255
252,Tabu Search,30,255
253,Tabu Search,30,255
254,Tabu Search,30,255
255,Tabu Search,30,255
256,Tabu Search,30,255
257,Tabu Search,30,255
258,Tabu Search,30,254
259,Tabu Search,30,254
260,Tabu Search,30,254
261,Tabu Search,30,254
262,Tabu Search,30,254
263,Tabu Search,30,254
264,Tabu Search,30,254
265,Tabu Search,30,254
266,Tabu Search,30,254
267,Tabu Search,30,254
268,Tabu Search,30,254
269,Tabu Search,30,254
270,Tabu Search,30,254
271,Tabu Search,30,254
272,Tabu Search,30,251
273,Tabu Search,30,251
274,Tabu Search,30,251
275,Tabu Search,30,251
276,Tabu Search,30,251
277,Tabu Search,30,251
278,Tabu Search,30,251
279,Tabu Search,30,251
280,Tabu Search,30,250
281,Tabu Search,30,250
282,Tabu Search,30,250
283,Tabu Search,30,250
284,Tabu Search,30,250
285,Tabu Search,30,250
286,Tabu Search,30,250
287,Tabu Search,30,250
288,Tabu Search,30,250
289,Tabu Search,30,250
290,Tabu Search,30,249
291,Tabu Search,30,249
292,Tabu Search,29,249
293,Tabu Search,29,249
294,Tabu Search,29,248
295,Tabu Search,29,248
296,Tabu Search,29,246
297,Tabu Search,29,246
298,Tabu Search,29,246
299,Tabu Search,29,246
300,Tabu Search,29,246
301,Tabu Search,29,246
302,Tabu Search,29,246
303,Tabu Search,29,246
304,Tabu Search,29,246
305,Tabu Search,29,246
306,Tabu Search,29,245
307,Tabu Search,29,245
308,Tabu Search,29,245
309,Tabu Search,29,245
310,Tabu Search,29,245
311,Tabu Search,29,242
312,Tabu Search,29,242
313,Tabu Search,29,242
314,Tabu Search,29,240
315,Tabu Search,29,240
316,Tabu Search,29,240
317,Tabu Search,28,240
318,Tabu Search,28,240
319,Tabu Search,28,240
320,Tabu Search,28,240
321,Tabu Search,28,240
322,Tabu Search,28,240
323,Tabu Search,28,240
324,Tabu Search,28,240
325,Tabu Search,28,240
326,Tabu Search,28,240
327,Tabu Search,28,239
328,Tabu Search,28,239
329,Tabu Search,28,239
330,Tabu Search,28,239
331,Tabu Search,28,239
332,Tabu Search,28,238
333,Tabu Search,28,238
334,Tabu Search,28,238
335,Tabu Search,28,238
336,Tabu Search,28,238
337,Tabu Search,28,238
338,Tabu Search,28,238
339,Tabu Search,28,238
340,Tabu Search,28,238
341,Tabu Search,28,238
342,Tabu Search,28,238
343,Tabu Search,28,238
344,Tabu Search,28,238
345,Tabu Search,28,238
346,Tabu Search,28,238
347,Tabu Search,28,238
348,Tabu Search,28,238
349,Tabu Search,28,238
350,Tabu Search,28,238
351,Tabu Search,28,238
352,Tabu Search,28,238
353,Tabu Search,28,238
354,Tabu Search,28,238
355,Tabu Search,28,237
356,Tabu Search,28,237
357,Tabu Search,28,237
358,Tabu Search,28,237
359,Tabu Search,28,237
360,Tabu Search,28,237
361,Tabu Search,28,237
362,Tabu Search,28,237
363,Tabu Search,28,236
364,Tabu Search,28,236
365,Tabu Search,28,235
366,Tabu Search,28,235
367,Tabu Search,28,235
368,Tabu Search,28,235
369,Tabu Search,28,234
370,Tabu Search,28,234
371,Tabu Search,28,233
372,Tabu Search,28,233
373,Tabu Search,28,232
374,Tabu Search,28,232
375,Tabu Search,28,231
376,Tabu Search,28,231
377,Tabu Search,28,231
378,Tabu Search,28,231
379,Tabu Search,28,230
380,Tabu Search,28,230
381,Tabu Search,28,230
382,Tabu Search,28,230
383,Tabu Search,28,230
384,Tabu Search,28,229
385,Tabu Search,28,229
386,Tabu Search,28,229
387,Tabu Search,28,229
388,Tabu Search,28,229
389,Tabu Search,28,229
390,Tabu Search,28,229
391,Tabu Search,28,229
392,Tabu Search,28,228
393,Tabu Search,28,228
394,Tabu Search,28,228
395,Tabu Search,28,228
396,Tabu Search,28,228
397,Tabu Search,28,228
398,Tabu Search,28,228
399,Tabu Search,28,228
400,Tabu Search,28,228
401,Tabu Search,28,228
402,Tabu Search,28,228
403,Tabu Search,28,228
404,Tabu Search,28,228
405,Tabu Search,28,228
406,Tabu Search,28,228
407,Tabu Search,28,228
408,Tabu Search,28,228
409,Tabu Search,28,228
410,Tabu Search,28,227
411,Tabu Search,28,227
412,Tabu Search,28,227
413,Tabu Search,28,227
414,Tabu Search,28,227
415,Tabu Search,28,227
416,Tabu Search,28,227
417,Tabu Search,28,227
418,Tabu Search,28,227
419,Tabu Search,28,227
420,Tabu Search,28,227
421,Tabu Search,28,227
422,Tabu Search,28,227
423,Tabu Search,28,227
424,Tabu Search,28,227
425,Tabu Search,28,227
426,Tabu Search,28,227
427,Tabu Search,28,227
428,Tabu Search,28,227
429,Tabu Search,28,227
430,Tabu Search,28,227
431,Tabu Search,28,227
432,Tabu Search,28,225
433,Tabu Search,28,221
434,Tabu Search,28,221
435,Tabu Search,28,221
436,Tabu Search,28,221
437,Tabu Search,28,221
438,Tabu Search,28,221
439,Tabu Search,27,221
440,Tabu Search,27,221
441,Tabu Search,27,221
442,Tabu Search,27,221
443,Tabu Search,27,221
444,Tabu Search,27,221
445,Tabu Search,27,221
446,Tabu Search,27,221
447,Tabu Search,27,221
448,Tabu Search,27,219
449,Tabu Search,27,219
450,Tabu Search,27,219
451,Tabu Search,27,219
452,Tabu Search,27,218
453,Tabu Search,27,218
454,Tabu Search,27,218
455,Tabu Search,27,218
456,Tabu Search,27,218
457,Tabu Search,27,218
458,Tabu Search,28,217
459,Tabu Search,28,217
460,Tabu Search,28,217
461,Tabu Search,28,217
462,Tabu Search,28,217
463,Tabu Search,28,217
464,Tabu Search,28,217
465,Tabu Search,28,217
466,Tabu Search,28,216
467,Tabu Search,28,216
468,Tabu Search,28,216
469,Tabu Search,28,216
470,Tabu Search,28,216
471,Tabu Search,28,216
472,Tabu Search,28,215
473,Tabu Search,28,215
474,Tabu Search,28,215
475,Tabu Search,28,214
476,Tabu Search,28,214
477,Tabu Search,28,214
478,Tabu Search,28,214
479,Tabu Search,28,214
480,Tabu Search,28,214
481,Tabu Search,28,214
482,Tabu Search,28,212
483,Tabu Search,28,212
484,Tabu Search,28,212
485,Tabu Search,28,212
486,Tabu Search,28,211
487,Tabu Search,28,211
488,Tabu Search,28,210
489,Tabu Search,28,210
490,Tabu Search,28,210
491,Tabu Search,28,210
492,Tabu Search,28,210
493,Tabu Search,28,209
494,Tabu Search,28,209
495,Tabu Search,28,209
496,Tabu Search,28,209
497,Tabu Search,28,209
498,Tabu Search,28,209
499,Tabu Search,28,209
500,Tabu Search,28,209
501,Tabu Search,28,209
502,Tabu Search,28,209
503,Tabu Search,28,209
504,Tabu Search,28,209
505,Tabu Search,27,209
506,Tabu Search,27,209
507,Tabu Search,27,209
508,Tabu Search,27,209
509,Tabu Search,27,209
510,Tabu Search,27,209
511,Tabu Search,27,209
512,Tabu Search,27,209
513,Tabu Search,27,209
514,Tabu Search,27,209
515,Tabu Search,27,209
516,Tabu Search,27,209
517,Tabu Search,27,209
518,Tabu Search,27,209
519,Tabu Search,27,209
520,Tabu Search,27,209
521,Tabu Search,27,209
522,Tabu Search,27,209
523,Tabu Search,27,209
524,Tabu Search,27,209
525,Tabu Search,27,209
526,Tabu Search,27,209
527,Tabu Search,27,209
528,Tabu Search,27,209
529,Tabu Search,27,209
530,Tabu Search,27,209
531,Tabu Search,27,209
532,Tabu Search,27,209
533,Tabu Search,27,209
534,Tabu Search,27,209
535,Tabu Search,27,209
536,Tabu Search,27,209
537,Tabu Search,27,209
538,Tabu Search,27,209
539,Tabu Search,27,209
540,Tabu Search,27,209
541,Tabu Search,27,209
542,Tabu Search,27,209
543,Tabu Search,27,209
544,Tabu Search,27,209
545,Tabu Search,27,209
546,Tabu Search,27,209
547,Tabu Search,27,209
548,Tabu Search,27,209
549,Tabu Search,27,208
550,Tabu Search,27,208
551,Tabu Search,27,208
552,Tabu Search,27,208
553,Tabu Search,27,208
554,Tabu Search,27,208
555,Tabu Search,27,208
556,Tabu Search,27,208
557,Tabu Search,27,208
558,Tabu Search,27,208
559,Tabu Search,27,208
560,Tabu Search,27,207
561,Tabu Search,27,207
562,Tabu Search,27,207
563,Tabu Search,27,207
564,Tabu Search,27,207
565,Tabu Search,27,207
566,Tabu Search,27,207
567,Tabu Search,27,207
568,Tabu Search,27,207
569,Tabu Search,27,207
570,Tabu Search,27,207
571,Tabu Search,27,207
572,Tabu Search,27,205
573,Tabu Search,27,205
574,Tabu Search,27,205
575,Tabu Search,27,205
576,Tabu Search,27,205
577,Tabu Search,27,203
578,Tabu Search,27,203
579,Tabu Search,27,203
580,Tabu Search,27,203
581,Tabu Search,27,203
582,Tabu Search,27,203
583,Tabu Search,27,203
584,Tabu Search,27,203
585,Tabu Search,26,203
586,Tabu Search,26,203
587,Tabu Search,26,202
588,Tabu Search,26,202
589,Tabu Search,26,202
590,Tabu Search,26,201
591,Tabu Search,26,201
592,Tabu Search,26,201
593,Tabu Search,26,201
594,Tabu Search,26,201
595,Tabu Search,26,201
596,Tabu Search,26,201
597,Tabu Search,26,201
598,Tabu Search,26,201
599,Tabu Search,26,201
600,Tabu Search,26,201
601,Tabu Search,26,201
602,Tabu Search,26,201
603,Tabu Search,26,201
604,Tabu Search,26,201
605,Tabu Search,26,201
606,Tabu Search,26,201
607,Tabu Search,26,201
608,Tabu Search,26,201
609,Tabu Search,26,201
610,Tabu Search,26,201
611,Tabu Search,26,201
612,Tabu Search,26,201
613,Tabu Search,26,201
614,Tabu Search,26,201
615,Tabu Search,26,201
616,Tabu Search,26,201
617,Tabu Search,26,201
618,Tabu Search,26,201
619,Tabu Search,26,201
620,Tabu Search,26,201
621,Tabu Search,26,201
622,Tabu Search,26,201
623,Tabu Search,26,201
624,Tabu Search,26,201
625,Tabu Search,26,201
626,Tabu Search,26,201
627,Tabu Search,26,201
628,Tabu Search,26,201
629,Tabu Search,26,201
630,Tabu Search,26,201
631,Tabu Search,26,201
632,Tabu Search,26,201
633,Tabu Search,26,201
634,Tabu Search,26,201
635,Tabu Search,26,201
636,Tabu Search,26,201
637,Tabu Search,26,201
638,Tabu Search,26,201
639,Tabu Search,26,201
640,Tabu Search,26,201
641,Tabu Search,26,201
642,Tabu Search,26,201
643,Tabu Search,26,201
644,Tabu Search,26,201
645,Tabu Search,26,201
646,Tabu Search,26,201
647,Tabu Search,26,201
648,Tabu Search,26,201
649,Tabu Search,26,201
650,Tabu Search,26,201
651,Tabu Search,26,201
652,Tabu Search,26,201
653,Tabu Search,26,201
654,Tabu Search,26,201
655,Tabu Search,26,201
656,Tabu Search,26,201
657,Tabu Search,26,201
658,Tabu Search,26,200
659,Tabu Search,26,198
660,Tabu Search,26,198
661,Tabu Search,26,198
662,Tabu Search,26,198
663,Tabu Search,26,198
664,Tabu Search,26,198
665,Tabu Search,26,198
666,Tabu Search,26,198
667,Tabu Search,26,198
668,Tabu Search,26,198
669,Tabu Search,26,198
670,Tabu Search,26,198
671,Tabu Search,26,198
672,Tabu Search,26,198
673,Tabu Search,26,198
674,Tabu Search,26,197
675,Tabu Search,26,197
676,Tabu Search,26,197
677,Tabu Search,26,197
678,Tabu Search,26,197
679,Tabu Search,26,197
680,Tabu Search,26,197
681,Tabu Search,26,197
682,Tabu Search,26,197
683,Tabu Search,26,197
684,Tabu Search,26,197
685,Tabu Search,26,197
686,Tabu Search,26,197
687,Tabu Search,26,197
688,Tabu Search,26,197
689,Tabu Search,26,197
690,Tabu Search,26,197
691,Tabu Search,26,197
692,Tabu Search,26,197
693,Tabu Search,26,197
694,Tabu Search,26,197
695,Tabu Search,26,197
696,Tabu Search,26,197
697,Tabu Search,26,196
698,Tabu Search,26,196
699,Tabu Search,26,196
700,Tabu Search,26,196
701,Tabu Search,26,196
702,Tabu Search,26,196
703,Tabu Search,26,196
704,Tabu Search,26,196
705,Tabu Search,26,196
706,Tabu Search,26,196
707,Tabu Search,26,196
708,Tabu Search,26,196
709,Tabu Search,26,195
710,Tabu Search,26,195
711,Tabu Search,26,195
712,Tabu Search,26,195
713,Tabu Search,26,195
714,Tabu Search,26,195
715,Tabu Search,26,195
716,Tabu Search,26,195
717,Tabu Search,26,195
718,Tabu Search,26,195
719,Tabu Search,26,195
720,Tabu Search,26,194
721,Tabu Search,26,193
722,Tabu Search,26,193
723,Tabu Search,26,193
724,Tabu Search,26,193
725,Tabu Search,26,193
726,Tabu Search,26,193
727,Tabu Search,26,193
728,Tabu Search,26,193
729,Tabu Search,26,193
730,Tabu Search,26,193
731,Tabu Search,26,193
732,Tabu Search,26,193
733,Tabu Search,26,193
734,Tabu Search,26,193
735,Tabu Search,26,193
736,Tabu Search,26,193
737,Tabu Search,26,193
738,Tabu Search,26,193
739,Tabu Search,26,193
740,Tabu Search,26,193
741,Tabu Search,26,192
742,Tabu Search,26,192
743,Tabu Search,26,192
744,Tabu Search,26,192
745,Tabu Search,26,192
746,Tabu Search,26,192
747,Tabu Search,26,192
748,Tabu Search,26,192
749,Tabu Search,26,192
750,Tabu Search,26,192
751,Tabu Search,26,192
752,Tabu Search,26,192
753,Tabu Search,26,192
754,Tabu Search,26,192
755,Tabu Search,26,192
756,Tabu Search,26,192
757,Tabu Search,26,192
758,Tabu Search,26,192
759,Tabu Search,26,192
760,Tabu Search,26,192
761,Tabu Search,26,192
762,Tabu Search,26,192
763,Tabu Search,26,192
764,Tabu Search,26,192
765,Tabu Search,26,192
766,Tabu Search,26,192
767,Tabu Search,26,192
768,Tabu Search,26,192
769,Tabu Search,26,192
770,Tabu Search,26,192
771,Tabu Search,26,192
772,Tabu Search,26,192
773,Tabu Search,26,192
774,Tabu Search,26,192
775,Tabu Search,26,192
776,Tabu Search,26,192
777,Tabu Search,26,192
778,Tabu Search,26,192
779,Tabu Search,26,192
780,Tabu Search,26,192
781,Tabu Search,26,192
782,Tabu Search,26,192
783,Tabu Search,26,192
784,Tabu Search,26,192
785,Tabu Search,26,192
786,Tabu Search,26,192
787,Tabu Search,26,192
788,Tabu Search,26,192
789,Tabu Search,26,191
790,Tabu Search,26,191
791,Tabu Search,26,191
792,Tabu Search,26,191
793,Tabu Search,26,190
794,Tabu Search,26,190
795,Tabu Search,26,190
796,Tabu Search,26,190
797,Tabu Search,26,190
798,Tabu Search,26,190
799,Tabu Search,26,190
800,Tabu Search,26,190
801,Tabu Search,26,190
802,Tabu Search,26,190
803,Tabu Search,26,190
804,Tabu Search,26,190
805,Tabu Search,26,190
806,Tabu Search,26,190
807,Tabu Search,26,189
808,Tabu Search,26,189
809,Tabu Search,26,189
810,Tabu Search,26,189
811,Tabu Search,26,189
812,Tabu Search,26,189
813,Tabu Search,26,189
814,Tabu Search,26,189
815,Tabu Search,26,189
816,Tabu Search,26,189
817,Tabu Search,26,189
818,Tabu Search,26,189
819,Tabu Search,26,189
820,Tabu Search,26,189
821,Tabu Search,26,189
822,Tabu Search,26,189
823,Tabu Search,26,189
824,Tabu Search,26,189
825,Tabu Search,26,189
826,Tabu Search,26,189
827,Tabu Search,26,189
828,Tabu Search,26,189
829,Tabu Search,26,189
830,Tabu Search,26,189
831,Tabu Search,26,189
832,Tabu Search,26,189
833,Tabu Search,26,189
834,Tabu Search,26,189
835,Tabu Search,26,189
836,Tabu Search,26,189
837,Tabu Search,26,189
838,Tabu Search,26,189
839,Tabu Search,26,189
840,Tabu Search,26,189
841,Tabu Search,26,189
842,Tabu Search,26,189
843,Tabu Search,26,189
844,Tabu Search,26,189
845,Tabu Search,26,189
846,Tabu Search,26,189
847,Tabu Search,26,188
848,Tabu Search,26,188
849,Tabu Search,26,188
850,Tabu Search,26,188
851,Tabu Search,26,188
852,Tabu Search,26,188
853,Tabu Search,26,188
854,Tabu Search,26,188
855,Tabu Search,26,188
856,Tabu Search,26,188
857,Tabu Search,26,188
858,Tabu Search,26,188
859,Tabu Search,26,187
860,Tabu Search,26,187
861,Tabu Search,26,187
862,Tabu Search,26,187
863,Tabu Search,26,187
864,Tabu Search,26,187
865,Tabu Search,26,187
866,Tabu Search,26,187
867,Tabu Search,26,187
868,Tabu Search,26,187
869,Tabu Search,26,187
870,Tabu Search,26,187
871,Tabu Search,26,187
872,Tabu Search,26,187
873,Tabu Search,26,187
874,Tabu Search,26,187
875,Tabu Search,26,187
876,Tabu Search,26,187
877,Tabu Search,26,187
878,Tabu Search,26,187
879,Tabu Search,26,187
880,Tabu Search,26,187
881,Tabu Search,26,187
882,Tabu Search,26,187
883,Tabu Search,26,187
884,Tabu Search,26,187
885,Tabu Search,26,187
886,Tabu Search,26,187
887,Tabu Search,26,187
888,Tabu Search,26,186
889,Tabu Search,26,186
890,Tabu Search,26,186
891,Tabu Search,26,186
892,Tabu Search,26,186
893,Tabu Search,26,186
894,Tabu Search,26,186
895,Tabu Search,26,185
896,Tabu Search,26,185
897,Tabu Search,26,185
898,Tabu Search,26,185
899,Tabu Search,26,185
900,Tabu Search,26,185
901,Tabu Search,26,185
902,Tabu Search,26,185
903,Tabu Search,26,185
904,Tabu Search,26,183
905,Tabu Search,26,183
906,Tabu Search,26,183
907,Tabu Search,26,183
908,Tabu Search,26,183
909,Tabu Search,26,183
910,Tabu Search,26,183
911,Tabu Search,26,183
912,Tabu Search,26,182
913,Tabu Search,26,182
914,Tabu Search,26,182
915,Tabu Search,26,182
916,Tabu Search,26,182
917,Tabu Search,26,181
918,Tabu Search,26,181
919,Tabu Search,26,181
920,Tabu Search,26,181
921,Tabu Search,26,181
922,Tabu Search,26,181
923,Tabu Search,26,181
924,Tabu Search,26,181
925,Tabu Search,26,181
926,Tabu Search,26,181
927,Tabu Search,26,181
928,Tabu Search,26,181
929,Tabu Search,26,181
930,Tabu Search,26,181
931,Tabu Search,26,181
932,Tabu Search,26,181
933,Tabu Search,26,181
934,Tabu Search,26,181
935,Tabu Search,26,181
936,Tabu Search,26,181
937,Tabu Search,26,181
938,Tabu Search,26,181
939,Tabu Search,26,181
940,Tabu Search,26,181
941,Tabu Search,26,181
942,Tabu Search,26,181
943,Tabu Search,26,181
944,Tabu Search,26,181
945,Tabu Search,26,181
946,Tabu Search,26,181
947,Tabu Search,26,181
948,Tabu Search,26,181
949,Tabu Search,26,181
950,Tabu Search,26,181
951,Tabu Search,26,181
952,Tabu Search,26,181
953,Tabu Search,26,181
954,Tabu Search,26,181
955,Tabu Search,26,181
956,Tabu Search,26,181
957,Tabu Search,26,181
958,Tabu Search,26,181
959,Tabu Search,26,181
960,Tabu Search,26,181
961,Tabu Search,26,181
962,Tabu Search,26,181
963,Tabu Search,26,181
964,Tabu Search,26,181
965,Tabu Search,26,180
966,Tabu Search,26,180
967,Tabu Search,26,180
968,Tabu Search,26,180
969,Tabu Search,26,180
970,Tabu Search,26,180
971,Tabu Search,26,180
972,Tabu Search,26,180
973,Tabu Search,26,180
974,Tabu Search,26,180
975,Tabu Search,26,180
976,Tabu Search,26,180
977,Tabu Search,26,180
978,Tabu Search,26,180
979,Tabu Search,26,180
980,Tabu Search,26,180
981,Tabu Search,26,180
982,Tabu Search,26,180
983,Tabu Search,26,180
984,Tabu Search,26,180
985,Tabu Search,26,180
986,Tabu Search,26,180
987,Tabu Search,26,180
988,Tabu Search,26,180
989,Tabu Search,26,180
990,Tabu Search,26,180
991,Tabu Search,26,179
992,Tabu Search,26,179
993,Tabu Search,26,179
994,Tabu Search,26,179
995,Tabu Search,26,179
996,Tabu Search,26,179
997,Tabu Search,26,179
998,Tabu Search,26,179
999,Tabu Search,26,179
1000,Tabu Search,26,179
1001,Tabu Search,26,179
1002,Tabu Search,26,179
1003,Tabu Search,26,179
1004,Tabu Search,26,179
1005,Tabu Search,26,179
1006,Tabu Search,26,179
1007,Tabu Search,26,179
1008,Tabu Search,26,179
1009,Tabu Search,26,179
1010,Tabu Search,26,179
1011,Tabu Search,26,179
1012,Tabu Search,26,179
1013,Tabu Search,26,179
1014,Tabu Search,26,179
1015,Tabu Search,26,179
1016,Tabu Search,26,179
1017,Tabu Search,26,179
1018,Tabu Search,26,178
1019,Tabu Search,26,178
1020,Tabu Search,26,178
1021,Tabu Search,26,178
1022,Tabu Search,26,178
1023,Tabu Search,26,178
1024,Tabu Search,26,178
1025,Tabu Search,26,178
1026,Tabu Search,26,178
1027,Tabu Search,26,178
1028,Tabu Search,26,178
1029,Tabu Search,26,178
1030,Tabu Search,26,178
1031,Tabu Search,26,178
1032,Tabu Search,26,178
1033,Tabu Search,26,178
1034,Tabu Search,26,178
1035,Tabu Search,26,178
1036,Tabu Search,26,178
1037,Tabu Search,26,178
1038,Tabu Search,26,178
1039,Tabu Search,26,178
1040,Tabu Search,26,178
1041,Tabu Search,26,178
1042,Tabu Search,26,178
1043,Tabu Search,26,178
1044,Tabu Search,26,178
1045,Tabu Search,26,178
1046,Tabu Search,26,178
1047,Tabu Search,26,178
1048,Tabu Search,26,178
1049,Tabu Search,26,178
1050,Tabu Search,26,178
1051,Tabu Search,26,178
1052,Tabu Search,26,178
1053,Tabu Search,26,178
1054,Tabu Search,26,178
1055,Tabu Search,26,178
1056,Tabu Search,26,178
1057,Tabu Search,26,178
1058,Tabu Search,26,178
1059,Tabu Search,26,178
1060,Tabu Search,26,178
1061,Tabu Search,26,178
1062,Tabu Search,26,178
1063,Tabu Search,26,178
1064,Tabu Search,26,178
1065,Tabu Search,26,178
1066,Tabu Search,26,178
1067,Tabu Search,26,178
1068,Tabu Search,26,178
1069,Tabu Search,26,178
1070,Tabu Search,26,178
1071,Tabu Search,26,178
1072,Tabu Search,26,178
1073,Tabu Search,26,178
1074,Tabu Search,26,178
1075,Tabu Search,26,178
1076,Tabu Search,26,178
1077,Tabu Search,26,178
1078,Tabu Search,26,177
1079,Tabu Search,26,177
1080,Tabu Search,26,177
1081,Tabu Search,26,177
1082,Tabu Search,26,177
1083,Tabu Search,26,177
1084,Tabu Search,26,177
1085,Tabu Search,26,177
1086,Tabu Search,26,177
1087,Tabu Search,26,177
1088,Tabu Search,26,177
1089,Tabu Search,26,177
1090,Tabu Search,26,177
1091,Tabu Search,26,177
1092,Tabu Search,26,177
1093,Tabu Search,26,177
1094,Tabu Search,26,177
1095,Tabu Search,26,177
1096,Tabu Search,26,177
1097,Tabu Search,26,177
1098,Tabu Search,26,177
1099,Tabu Search,26,177
1100,Tabu Search,26,177
1101,Tabu Search,26,177
1102,Tabu Search,26,177
1103,Tabu Search,26,177
1104,Tabu Search,26,177
1105,Tabu Search,26,177
1106,Tabu Search,26,177
1107,Tabu Search,26,177
1108,Tabu Search,26,177
1109,Tabu Search,26,177
1110,Tabu Search,26,177
1111,Tabu Search,26,177
1112,Tabu Search,26,177
